<?xml version="1.0" encoding="UTF-8"?>
<!DOCTYPE properties SYSTEM "http://java.sun.com/dtd/properties.dtd">
<properties>
	<entry key="Adapter">EPayments3</entry>
	<entry key="AdapterURL">http://10.5.61.12:3080/av-epayments3-adapters/PayPalPayflowPro43?wsdl</entry>
	<entry key="CountryCode">US</entry>
	<entry key="HOSTADDRESS">pilot-payflowpro.paypal.com</entry>
	<entry key="HOSTPORT">443</entry>
	<entry key="TIMEOUT">100</entry>
	<entry key="PROXYADDRESS"></entry>
	<entry key="PROXYPORT"></entry>
	<entry key="PROXYLOGON"></entry>
	<entry key="PROXYPASSWORD"></entry>
	<entry key="PARTNER">VeriSign</entry>
	<entry key="VENDOR">achievo</entry>
	<entry key="USER_NAME">achievo</entry>
	<entry key="PASSWORD">achievo123</entry>
</properties>