﻿<?xml version="1.0" encoding="UTF-8"?>
<!DOCTYPE properties SYSTEM "http://java.sun.com/dtd/properties.dtd">
<properties>
	<entry key="BillingPhone">(504) 654-3210</entry>
	<entry key="BillingState">CA</entry>
	<entry key="CheckType">Person</entry>
	<entry key="CheckAccountNumber">56780439085000</entry>
	<entry key="BillingDriversLicenseNbr">56780439085000</entry>
	<entry key="BillingMiddleName">MiddleName</entry>
	<entry key="BillingZip">95050</entry>
	<entry key="BillingAddress3">1000 Broad Street1</entry>
	<entry key="BillingFirstName">FirstName</entry>
	<entry key="BillingMiddleName">MiddleName</entry>
	<entry key="BillingLastName">LastName</entry>
	<entry key="BillingAddress2">1000 Broad Street2</entry>
	<entry key="CheckRoutingNumber">1234</entry>
	<entry key="BillingEmail">andrew.chen@achievo.com</entry>
	<entry key="BillingCity">Buffalos</entry>
	<entry key="BillingFirstName">FirstName</entry>
	<entry key="BillingAddress">1000 Broad Street</entry>
	<entry key="CheckNumber">1001t</entry>
	<entry key="BillingSocialSecurityNbr">CA123456</entry>
	<entry key="BillingName">BillingName</entry>
	<entry key="PaymentCourtesyFee">10</entry>
	<entry key="AgencyID">FLAGSTAFF</entry>
	<entry key="UserID">ADMIN</entry>
	<entry key="UserGroupID">2611</entry>
	<entry key="PaymentComment">PaymentComment</entry>
	<entry key="PaymentTransactionID">25979</entry>
	<entry key="PaymentCurrency">USD</entry>
	<entry key="RequestID">09CAP-00000-000WC</entry>
	<entry key="PaymentAmount">1</entry>
</properties>