﻿<?xml version="1.0" encoding="UTF-8"?>
<!DOCTYPE properties SYSTEM "http://java.sun.com/dtd/properties.dtd">
<properties>
	<entry key="BillingAddress">1000 Broad Street</entry>
	<entry key="BillingAddress2">1001 Broad Street</entry>
	<entry key="BillingAddress3">1002 Broad Street</entry>
	<entry key="BillingBusinessName">1000 Broad Street</entry>
	<entry key="CreditCardExpiration">0809</entry>
	<entry key="BillingZip">70119</entry>
	<entry key="CreditCardNumber">4012888888881881</entry>
	<entry key="BillingEmail">qaz2185@hotmail.com</entry>
	<entry key="CreditCardSecurityCode">5689</entry>
	<entry key="BillingState">LA</entry>
	<entry key="BillingCity">New Orleans</entry>
	<entry key="PaymentCourtesyFee">10</entry>
	<entry key="CreditCardType">Visa</entry>
	<entry key="BillingFirstName">test>>>frist Name</entry>
	<entry key="BillingMiddleName">test>>>middle Name</entry>
	<entry key="BillingLastName">test>>>last Name</entry>
	<entry key="BillingPhone">(504) 654-3210</entry>
	<entry key="BillingPhoneCountryCode">0256</entry>
	<entry key="BillingName">John Smith</entry>
	<entry key="UserGroupID">2611</entry>
	<entry key="PaymentComment">PaymentComment</entry>
	<entry key="PaymentTransactionID">25979</entry>
	<entry key="PaymentCurrency">USD</entry>
	<entry key="RequestID">09CAP-00000-000WC</entry>
	<entry key="PaymentType">CC</entry>
	<entry key="PaymentAmount">1</entry>
</properties>