<?xml version="1.0" encoding="UTF-8"?>
<!DOCTYPE properties SYSTEM "http://java.sun.com/dtd/properties.dtd">
<properties>
	<entry key="BillingPhone">9995551212</entry>
	<entry key="BillingState">CA</entry>
	<entry key="CheckType">C</entry>
	<entry key="CheckAccountNumber">786435667</entry>
	<entry key="BillingDriversLicenseNbr">CA123456</entry>
	<entry key="BillingMiddleName">MiddleName</entry>
	<entry key="BillingZip">95050</entry>
	<entry key="BillingAddress3">Broad Street1</entry>
	<entry key="BillingFirstName">FirstName</entry>
	<entry key="BillingMiddleName">MiddleName</entry>
	<entry key="BillingLastName">LastName</entry>
	<entry key="BillingAddress2">1000 Broad Street2</entry>
	<entry key="CheckRoutingNumber">030303036</entry>
	<entry key="BillingEmail">andrew.chen@achievo.com</entry>
	<entry key="BillingCity">Buffalos</entry>
	<entry key="BillingFirstName">FirstName</entry>
	<entry key="BillingAddress">1000 Broad Street</entry>
	<entry key="CheckNumber">1001</entry>
	<entry key="BillingSocialSecurityNbr">123456</entry>
	<entry key="BillingName">BillingName</entry>
	<entry key="UserGroupID">3565</entry>	
	<entry key="PaymentComment">PaymentComment</entry>	
	<entry key="PaymentTransactionID">25979</entry>	
	<entry key="PaymentCurrency">USD</entry>		
	<entry key="RequestID">ORE09-00000047</entry>
	<entry key="PaymentAmount">6.0</entry>
	<entry key="PaymentCourtesyFee">3.0</entry>
	<entry key="PaymentTotalAmount">9.0</entry>			
	<entry key="PaymentType">EC</entry>			
</properties>