<?xml version="1.0" encoding="UTF-8"?>
<!DOCTYPE properties SYSTEM "http://java.sun.com/dtd/properties.dtd">
<properties>
	<entry key="Adapter">EPayments3</entry>
	<entry key="AdapterURL">http://localhost:2037/SampleDotNetEPG3AdapterForPayPal43/Service.asmx?WSDL</entry>
	<entry key="TotalAmountFormula"></entry>
	<entry key="ConvenienceFeeFormula"></entry>
	<entry key="CountryCode">US</entry>
	<entry key="HOSTADDRESS">https://staging.officialpayments.com/srv/stp</entry>
	<entry key="ProductID">6757482188076376822912626207014779064</entry>
	<entry key="ClientID">10560160547612784832369941467145959609</entry>
	<entry key="CustomFieldMap">cde-NotiNumb-0:$$RequestID$$,cde-UniqID-1:$$PaymentTransactionID$$,cde-Text-1:$$PaymentComment$$,cde-WateBill-0:$$UserID$$</entry>
</properties>