<?xml version="1.0" encoding="UTF-8"?>
<!DOCTYPE properties SYSTEM "http://java.sun.com/dtd/properties.dtd">
<properties>
	<entry key="BillingAddress">1000 Broad Street</entry>
	<entry key="BillingAddress2">1001 Broad Street</entry>
	<entry key="BillingAddress3">1002 Broad Street</entry>
	<entry key="CreditCardExpiration">0911</entry>
	<entry key="BillingZip">11111</entry>
	<entry key="CreditCardNumber">4012888888881881</entry>
	<entry key="BillingEmail">qaz2185@hotmail.com</entry>
	<entry key="CreditCardSecurityCode">5689</entry>
	<entry key="BillingState">LA</entry>
	<entry key="BillingCity">New Orleans</entry>
	<entry key="BillingFirstName">apia</entry>
	<entry key="BillingMiddleName">test middle Name</entry>
	<entry key="BillingLastName">liu</entry>
	<entry key="BillingPhone">2545758457</entry>
	<entry key="BillingPhoneCountryCode">0256</entry>
	<entry key="BillingName">John Smith</entry>
	<entry key="AgencyID">FLAGSTAFF</entry>	
	<entry key="UserID">ADMIN</entry>	
	<entry key="UserGroupID">2611</entry>	
	<entry key="PaymentComment">PaymentComment</entry>	
	<entry key="PaymentTransactionID">25979</entry>	
	<entry key="PaymentCurrency">USD</entry>	
	<entry key="RequestID">09CAP-00000-000WC</entry>
	<entry key="PaymentType">CC</entry>	
	<entry key="CreditCardType">VI</entry>
	<entry key="CreditCardSecurityCode">123</entry>
	<entry key="PaymentAmount">3</entry>
	<entry key="PaymentCourtesyFee">1</entry>
	<entry key="PaymentTotalAmount">4</entry>
</properties>